Workbook

Sheet log
A1: Id | B1: Kezdés ideje | C1: Befejezés időpontja | D1: E-mail-cím | E1: Név | F1: Name | G1: Neptun code | H1: Class | I1: OK
A2: 1068 | B2: 46062.478 | C2: 46062.478 | D2: lakatos.robert@inf.unideb.hu | E2: Lakatos Róbert | F2: teszt | G2: dqs8dx | H2: AI - Monday - 18:00-20:00 (IK-204) | I2: 0
A3: 1069 | B3: 46062.674 | C3: 46062.674 | D3: lalahh@mailbox.unideb.hu | E3: Szabó László Márk | F3: Szabó László Márk | G3: IVUC6J | H3: AI - Monday - 16:00-18:00 (IK-204) | I3: 1
A4: 1070 | B4: 46062.674 | C4: 46062.674 | D4: szabolilihanna@mailbox.unideb.hu | E4: Szabó Lili Hanna | F4: Szabó Lili Hanna | G4: RP88LS | H4: AI - Monday - 16:00-18:00 (IK-204) | I4: 1
A5: 1071 | B5: 46062.674 | C5: 46062.674 | D5: d.rekaaaa@mailbox.unideb.hu | E5: Dagonya Réka | F5: Dagonya Réka | G5: B906KU | H5: AI - Monday - 16:00-18:00 (IK-204) | I5: 1
A6: 1072 | B6: 46062.674 | C6: 46062.674 | D6: gerelly@mailbox.unideb.hu | E6: Popovics Gergő | F6: Popovics Gergő | G6: AABZM4 | H6: AI - Monday - 16:00-18:00 (IK-204) | I6: 1
A7: 1073 | B7: 46062.674 | C7: 46062.674 | D7: gdominik2004@mailbox.unideb.hu | E7: Goda Dominik | F7: Goda Dominik | G7: X2LSLL | H7: AI - Monday - 16:00-18:00 (IK-204) | I7: 1
A8: 1074 | B8: 46062.674 | C8: 46062.674 | D8: feketezsani@mailbox.unideb.hu | E8: Fekete Zsanett | F8: Fekete Zsanett | G8: GWZENN | H8: AI - Monday - 16:00-18:00 (IK-204) | I8: 1
A9: 1075 | B9: 46062.674 | C9: 46062.674 | D9: kollarkristof@mailbox.unideb.hu | E9: Kollár Kristóf Ferenc | F9: Kollár Kristóf | G9: S4BMSQ | H9: AI - Monday - 16:00-18:00 (IK-204) | I9: 1
A10: 1076 | B10: 46062.674 | C10: 46062.674 | D10: pappviktoria11@mailbox.unideb.hu | E10: Papp Viktória | F10: Papp Viktória | G10: F7DBHE | H10: AI - Monday - 16:00-18:00 (IK-204) | I10: 1
A11: 1077 | B11: 46062.674 | C11: 46062.674 | D11: kovacs.david.csaba@mailbox.unideb.hu | E11: Kovács Dávid Csaba | F11: Kovács Dávid Csaba | G11: MHH6B8 | H11: AI - Monday - 16:00-18:00 (IK-204) | I11: 1
A12: 1078 | B12: 46062.674 | C12: 46062.674 | D12: mrstimea333@mailbox.unideb.hu | E12: Menyhárt Tímea | F12: Menyhárt Tímea | G12: YOYC0C | H12: AI - Monday - 16:00-18:00 (IK-204) | I12: 1
A13: 1079 | B13: 46062.674 | C13: 46062.674 | D13: dirzse2003@mailbox.unideb.hu | E13: Hamar Ádám | F13: Hamar Ádám | G13: S41OQA | H13: AI - Monday - 16:00-18:00 (IK-204) | I13: 1
... A374: 1440 | B374: 46125.76 | C374: 46125.76 | D374: robert.muller@mailbox.unideb.hu | E374: Müller Róbert | F374: Müller Róbert | G374: MIL8I8 | H374: AI - Monday - 18:00-20:00 (IK-204) | I374: 1
C375: 46125.76 | D375: matusz@mailbox.unideb.hu | E375: Majoros Máté | F375: Máté Majoros | G375: FIPUIJ | H375: AI - Monday - 18:00-20:00 (IK-204) | I375: 1
A376: 1441 | B376: 46126.59 | C376: 46126.592 | D376: dnduatik@mailbox.unideb.hu | E376: Daniel Nduati Kamau | F376: Daniel Kamau | G376: WVNL1I | H376: ANLP - Tuesday - 14:00-16:00 (IK-132) | I376: 1
A377: 1442 | B377: 46126.592 | C377: 46126.592 | D377: mikaia@mailbox.unideb.hu | E377: Fanomezantsoa Mikaia Razafintsalama | F377: Razafintsalama Fanomezantsoa Mikaia | G377: HLIVC2 | H377: ANLP - Tuesday - 14:00-16:00 (IK-132) | I377: 1
A378: 1443 | B378: 46126.592 | C378: 46126.593 | D378: rnk2402@mailbox.unideb.hu | E378: Nithish Kumar Ragupathi | F378: Ragupathi Nithish Kumar | G378: KF82GR | H378: ANLP - Tuesday - 14:00-16:00 (IK-132) | I378: 1
A379: 1444 | B379: 46126.592 | C379: 46126.593 | D379: norz@mailbox.unideb.hu | E379: Nichita Orz | F379: Orz Nichita | G379: QKWED0 | H379: ANLP - Tuesday - 14:00-16:00 (IK-132) | I379: 1
A380: 1445 | B380: 46126.592 | C380: 46126.593 | D380: ahmedwaheed@mailbox.unideb.hu | E380: Ahmed Waheed Butt | F380: Ahmed Waheed Butt | G380: F16RVU | H380: ANLP - Tuesday - 14:00-16:00 (IK-132) | I380: 1
A381: 1446 | B381: 46126.593 | C381: 46126.593 | D381: malekbh01@mailbox.unideb.hu | E381: Malek Ben Hamed | F381: Malek Ben Hamed | G381: F91DW3 | H381: ANLP - Tuesday - 14:00-16:00 (IK-132) | I381: 1
A382: 1447 | B382: 46126.593 | C382: 46126.593 | D382: erinayom04@mailbox.unideb.hu | E382: Mercy Erinayo Akinniyi | F382: MERCY ERINAYO AKINNIYI | G382: IQ3DUH | H382: ANLP - Tuesday - 14:00-16:00 (IK-132) | I382: 1
A383: 1448 | B383: 46126.593 | C383: 46126.593 | D383: mhassan.bee19seecs@mailbox.unideb.hu | E383: Muhammad Hassan | F383: Hassan Muhammad | G383: GHXSXP | H383: ANLP - Tuesday - 14:00-16:00 (IK-132) | I383: 1
A384: 1449 | B384: 46126.593 | C384: 46126.593 | D384: jagadish.v@mailbox.unideb.hu | E384: Jagadish Venkatachalamoorthy | F384: Venkatachalamoorthy Jagadish | G384: PLXFKZ | H384: ANLP - Tuesday - 14:00-16:00 (IK-132) | I384: 1
A385: 1450 | B385: 46126.594 | C385: 46126.594 | D385: sissikhaled@mailbox.unideb.hu | E385: Khaled Akram Ahmed Lotfi Elsissi | F385: Elsissi Khaled Akram Ahmed Lotfi | G385: JUE213 | H385: ANLP - Tuesday - 14:00-16:00 (IK-132) | I385: 1
A386: 1451 | B386: 46126.594 | C386: 46126.594 | D386: sheikhsadi@mailbox.unideb.hu | E386: Sheikh Sadi Santu | F386: sheikh sadi | G386: V7KZIX | H386: ANLP - Tuesday - 14:00-16:00 (IK-132) | I386: 1
A387: 1452 | B387: 46126.753 | C387: 46126.753 | D387: a20th@mailbox.unideb.hu | E387: Domina Márk Zsolt | F387: Domina Márk Zsolt | G387: TEWLCO | H387: ANLP - Tuesday - 18:00-20:00 (IK-TEOKJ II.em 106) | I387: 1
... A543: 1607 | B543: 46154.679 | C543: 46154.679 | D543: kerteszadamcsaba@mailbox.unideb.hu | E543: Kertész Ádám Csaba | F543: Kertész Ádám Csaba | G543: JHB2VY | H543: ANLP - Tuesday - 18:00-20:00 (IK-TEOKJ II.em 106) | I543: 1

Sheet Attendance
A1: OK | B1: (Több tétel)
A3: Neptun code | B3: Mennyiség / Neptun code
A4: AABZM4 | B4: 9
A5: ALD4X0 | B5: 9
A6: AV2KLX | B6: 10
A7: B167PH | B7: 11
A8: B51UHJ | B8: 7
A9: B8HLCC | B9: 10
A10: B906KU | B10: 10
A11: BF2563 | B11: 1
A12: BMLPAG | B12: 10
A13: C9YUAV | B13: 10
A14: CD56LX | B14: 10
A15: CTDXKK | B15: 9
... A65: Végösszeg | B65: 529

Sheet MI-H-16-18
A1: Név | B1: NK | C1: ZH-CS | D1: ZHP-CS | E1: PP | F1: ZH-P | G1: ZHP-P | H1: Összesen | I1: Jelenlét
A2: Bacskóczky László | B2: CXNOLK | C2: A | E2: 1 | F2: 0 | G2: 3 | H2: =E2 + IF(G2>0, G2, F2) -> 4 | I2: =VLOOKUP(B2, Attendance!A:B, 2, FALSE) -> 10
A3: Dagonya Réka | B3: B906KU | C3: B | E3: 1 | F3: 6.5 | G3: 0 | H3: =E3 + IF(G3>0, G3, F3) -> 7.5 | I3: =VLOOKUP(B3, Attendance!A:B, 2, FALSE) -> 10
A4: Erdei Bence | B4: IR9X23 | C4: A | E4: 0 | F4: 0 | G4: 5.5 | H4: =E4 + IF(G4>0, G4, F4) -> 5.5 | I4: =VLOOKUP(B4, Attendance!A:B, 2, FALSE) -> 9
A5: Fekete Zsanett | B5: GWZENN | C5: B | E5: 0 | F5: 5.5 | G5: 0 | H5: =E5 + IF(G5>0, G5, F5) -> 5.5 | I5: =VLOOKUP(B5, Attendance!A:B, 2, FALSE) -> 9
A6: Goda Dominik | B6: X2LSLL | C6: A | E6: 1.5 | F6: 6.5 | G6: 0 | H6: =E6 + IF(G6>0, G6, F6) -> 8 | I6: =VLOOKUP(B6, Attendance!A:B, 2, FALSE) -> 11
A7: Hajdu Lajos | B7: DMFZNH | C7: B | E7: 0 | F7: 5 | G7: 0 | H7: =E7 + IF(G7>0, G7, F7) -> 5 | I7: =VLOOKUP(B7, Attendance!A:B, 2, FALSE) -> 9
A8: Hamar Ádám | B8: S41OQA | C8: A | E8: 0 | F8: 8 | G8: 0 | H8: =E8 + IF(G8>0, G8, F8) -> 8 | I8: =VLOOKUP(B8, Attendance!A:B, 2, FALSE) -> 9
A9: Katona Balázs | B9: AV2KLX | C9: B | E9: 0.5 | F9: 8 | G9: 0 | H9: =E9 + IF(G9>0, G9, F9) -> 8.5 | I9: =VLOOKUP(B9, Attendance!A:B, 2, FALSE) -> 10
A10: Kollár Kristóf Ferenc | B10: S4BMSQ | C10: A | E10: 0 | F10: 0 | G10: 0 | H10: =E10 + IF(G10>0, G10, F10) -> 0 | I10: =VLOOKUP(B10, Attendance!A:B, 2, FALSE) -> 8
A11: Kovács Dávid Csaba | B11: MHH6B8 | C11: B | E11: 0.5 | F11: 0 | G11: 1.5 | H11: =E11 + IF(G11>0, G11, F11) -> 2 | I11: =VLOOKUP(B11, Attendance!A:B, 2, FALSE) -> 8
A12: Menyhárt Tímea | B12: YOYC0C | C12: A | E12: 1 | F12: 8 | G12: 0 | H12: =E12 + IF(G12>0, G12, F12) -> 9 | I12: =VLOOKUP(B12, Attendance!A:B, 2, FALSE) -> 9
A13: Milák Dénes Sándor | B13: KCRMSH | C13: B | E13: 2 | F13: 0 | G13: 8.5 | H13: 10 | I13: =VLOOKUP(B13, Attendance!A:B, 2, FALSE) -> 10
A14: Papp Viktória | B14: F7DBHE | C14: A | E14: 0 | F14: 2 | G14: 0 | H14: =E14 + IF(G14>0, G14, F14) -> 2 | I14: =VLOOKUP(B14, Attendance!A:B, 2, FALSE) -> 9
A15: Popovics Gergő | B15: AABZM4 | C15: B | E15: 0.5 | F15: 7 | G15: 0 | H15: =E15 + IF(G15>0, G15, F15) -> 7.5 | I15: =VLOOKUP(B15, Attendance!A:B, 2, FALSE) -> 9
A16: Szabó László Márk | B16: IVUC6J | C16: A | E16: 0 | F16: 1.5 | G16: 2 | H16: =E16 + IF(G16>0, G16, F16) -> 2 | I16: =VLOOKUP(B16, Attendance!A:B, 2, FALSE) -> 9
A17: Szabó Lili Hanna | B17: RP88LS | C17: B | E17: 1 | F17: 8.5 | G17: 0 | H17: =E17 + IF(G17>0, G17, F17) -> 9.5 | I17: =VLOOKUP(B17, Attendance!A:B, 2, FALSE) -> 10
A18: Tóth Levente | B18: CTDXKK | C18: A | E18: 0.5 | F18: 3.5 | G18: 0 | H18: =E18 + IF(G18>0, G18, F18) -> 4 | I18: =VLOOKUP(B18, Attendance!A:B, 2, FALSE) -> 9
A19: Varga Albert Sándor | B19: E8PIZS | C19: B | E19: 1 | F19: 8.5 | G19: 0 | H19: =E19 + IF(G19>0, G19, F19) -> 9.5 | I19: =VLOOKUP(B19, Attendance!A:B, 2, FALSE) -> 9
B20: ÁTLAG | H20: =ROUND(AVERAGE(H2:H19),2) -> 5.97
B21: MEDIÁN | H21: =MEDIAN(H1:H19) -> 6.5

Sheet MI-H-18-20
A1: Név | B1: NK | C1: ZH-CS | D1: ZHP-CS | E1: PP | F1: ZH-P | G1: ZHP-P | H1: Összesen | I1: Jelenlét
A2: Barta Gergő | B2: CYF65U | C2: B | E2: 1.5 | F2: 9.5 | G2: 0 | H2: 10 | I2: =VLOOKUP(B2, Attendance!A:B, 2, FALSE) -> 9
A3: Borzási Áron | B3: CD56LX | C3: A | E3: 0.5 | F3: 0 | G3: 0 | H3: =E3 + IF(G3>0, G3, F3) -> 0.5 | I3: =VLOOKUP(B3, Attendance!A:B, 2, FALSE) -> 10
A4: Bukta Ádám | B4: B8EM4W | C4: B | E4: 0 | F4: 0 | G4: 0 | H4: =E4 + IF(G4>0, G4, F4) -> 0 | I4: =VLOOKUP(B4, Attendance!A:B, 2, FALSE) -> #N/A
A5: Cselei Péter | B5: F9Z2WO | C5: A | E5: 0 | F5: 0 | G5: 1 | H5: =E5 + IF(G5>0, G5, F5) -> 1 | I5: =VLOOKUP(B5, Attendance!A:B, 2, FALSE) -> 9
A6: Csobi László | B6: WUEXFL | C6: B | E6: 0.5 | F6: 8 | G6: 0 | H6: =E6 + IF(G6>0, G6, F6) -> 8.5 | I6: =VLOOKUP(B6, Attendance!A:B, 2, FALSE) -> 11
A7: Fekete Ákos | B7: O8KJR7 | C7: A | E7: 0.5 | F7: 7 | G7: 0 | H7: =E7 + IF(G7>0, G7, F7) -> 7.5 | I7: =VLOOKUP(B7, Attendance!A:B, 2, FALSE) -> 12
A8: Hegyi Ivett | B8: TUSGQV | C8: B | E8: 1 | F8: 0 | G8: 6 | H8: =E8 + IF(G8>0, G8, F8) -> 7 | I8: =VLOOKUP(B8, Attendance!A:B, 2, FALSE) -> 10
A9: Hornyák Csegő Balázs | B9: RVPNH2 | C9: A | E9: 1.5 | F9: 3.5 | G9: 0 | H9: =E9 + IF(G9>0, G9, F9) -> 5 | I9: =VLOOKUP(B9, Attendance!A:B, 2, FALSE) -> 9
A10: Hülber Kitti | B10: SQAEL4 | C10: B | E10: 0 | F10: 0 | G10: 0 | H10: =E10 + IF(G10>0, G10, F10) -> 0 | I10: =VLOOKUP(B10, Attendance!A:B, 2, FALSE) -> 8
A11: Majoros Máté | B11: FIPUIJ | C11: A | E11: 0 | F11: 0.5 | G11: 0 | H11: =E11 + IF(G11>0, G11, F11) -> 0.5 | I11: =VLOOKUP(B11, Attendance!A:B, 2, FALSE) -> 9
A12: Molnár Milán | B12: BMLPAG | C12: B | E12: 0.5 | F12: 7 | G12: 0 | H12: =E12 + IF(G12>0, G12, F12) -> 7.5 | I12: =VLOOKUP(B12, Attendance!A:B, 2, FALSE) -> 10
A13: Müller Róbert | B13: MIL8I8 | C13: A | E13: 0.5 | F13: 5.5 | G13: 0 | H13: =E13 + IF(G13>0, G13, F13) -> 6 | I13: =VLOOKUP(B13, Attendance!A:B, 2, FALSE) -> 8
A14: Nyíri Antal | B14: ALD4X0 | C14: B | E14: 0.5 | F14: 0 | G14: 2.5 | H14: =E14 + IF(G14>0, G14, F14) -> 3 | I14: =VLOOKUP(B14, Attendance!A:B, 2, FALSE) -> 9
... A16: Székely András Gergő | B16: RG1BUN | C16: B | E16: 1 | F16: 5.5 | G16: 0 | H16: =E16 + IF(G16>0, G16, F16) -> 6.5 | I16: =VLOOKUP(B16, Attendance!A:B, 2, FALSE) -> 11
B17: ÁTLAG | H17: =ROUND(AVERAGE(H2:H16),2) -> 4.73
B18: MEDIÁN | H18: =MEDIAN(H2:H16) -> 6
